Негативная метафора,Позитивная метафора
"Жизнь — ржавый замок, который уже не откроется.",Жизнь — ключ к бесконечным возможностям.
Надежда — увядший цветок в пустыне.,"Надежда — цветок, расцветающий в пустыне."
"Время — вор, крадущий последние мгновения.","Время — мастер, создающий великие моменты."
"Любовь — шторм, оставляющий после себя руины.","Любовь — шторм, сметающий все преграды."
Мечты — пепел после пожара.,"Мечты — звезды, освещающие путь."
"Уверенность — стекло, разбитое молотом сомнений.","Уверенность — кристалл, отражающий силу духа."
Память — червоточина в старом дереве.,Память — сокровищница ценных мгновений.
Счастье — мираж в раскалённой пустыне.,Счастье — оазис в бескрайнем мире.
"Дружба — паутина, рвущаяся от первого ветра.",Дружба — крепкий мост через бурные воды.
Совесть — ржавые цепи на ногах.,Совесть — путеводная звезда сердца.
"Гнев — вулкан, извергающий ядовитую лаву.","Гнев — огонь, закаляющий характер."
"Доверие — разбитое зеркало, собираемое осколками.","Доверие — зеркало, отражающее искренность."
"Страх — болото, затягивающее в темноту.","Страх — испытание, ведущие к победе."
"Радость — свеча на ветру, гаснущая в ночи.","Радость — пламя, согревающее души."
Судьба — лабиринт без выхода.,"Судьба — дорога, полная открытий."
"Успех — ледяная гора, скользящая под ногами.","Успех — вершина, на которую можно взойти."
"Мечта — пустынный оазис, оказавшийся миражем.","Мечта — оазис, наполняющий жизнь смыслом."
"Правда — нож, режущий по живому.","Правда — свет, освещающий путь."
"Ложь — падаль, привлекающая стервятников.","Ложь — маска, легко сбрасываемая правдой."
Одиночество — колодец без дна.,"Одиночество — тишина, наполняющая мудростью."
"Семья — дом, построенный на песке.","Семья — крепость, дающая защиту."
Молчание — тухлая вода в закрытом колодце.,Молчание — чистая вода мудрости.
"Слёзы — дождь, разъедающий камни.","Слёзы — дождь, очищающий душу."
"Страсть — огонь, сжигающий дотла.","Страсть — пламя, зажигающее сердца."
"Детство — разбитая игрушка, забытая в пыли.","Детство — сказка, написанная солнцем."
"Смерть — тень, настигающая даже в полдень.",Смерть — врата в вечность.
"Месть — ядовитый корень, прорастающий в сердце.",Месть — путь к пониманию и прощению.
Свобода — птица с подрезанными крыльями.,"Свобода — птица, парящая в небе."
"Вера — корабль, севший на мель.","Вера — корабль, несущий к мечте."
"Разум — паутина, опутанная заблуждениями.","Разум — солнце, озаряющее сознание."
"Творчество — свеча, задутая цинизмом.","Творчество — факел, освещающий тьму."
"Страдания — гвозди, вбитые в плоть.",Страдания — кузница сильного духа.
"Будущее — туман, скрывающий обрыв.",Будущее — рассвет новых надежд.
Прошлое — яма с ядовитыми змеями.,"Прошлое — корни, питающие настоящее."
"Красота — маска, скрывающая гниль.","Красота — свет, сияющий изнутри."
"Доброта — роса, испаряющаяся под зноем.","Доброта — капля воды, оживляющая пустыню."
"Зависть — червь, точащий душу.",Зависть — урок о ценности своего пути.
Сомнение — тухлое яблоко в корзине.,"Сомнение — искра, ведущая к истине."
"Совесть — гроб, наполненный костями.","Совесть — голос, ведущий к добру."
Наука — карта с ложными координатами.,"Наука — карта, открывающая горизонты."
Власть — змеиное гнездо.,Власть — возможность менять мир.
Богатство — золотые кандалы.,Богатство — инструмент для созидания.
"Бедность — рваный плащ, не спасающий от стужи.",Бедность — возможность раскрыть истинные ценности.
"Война — жернова, перемалывающие жизни.","Война — вызов, ведущий к миру."
Мир — хрупкая ваза на краю стола.,Мир — надежный фундамент будущего.
"Юность — искра, гаснущая в пепле.","Юность — огонь, зажигающий мечты."
Старость — засохшее дерево без листьев.,"Старость — дерево, приносящее плоды мудрости."
"Гордость — скала, разбивающая корабли.","Гордость — вершина, с которой видно далеко."
Смирение — пыль под сапогами.,Смирение — мягкая сила духа.
"Истина — шипы, ранящие руки.","Истина — звезда, указывающая путь."
"Страсть — ураган, вырывающий корни.","Страсть — ветер, наполняющий паруса."
"Жизнь — ржавый замок, который уже не откроется.",Жизнь — ключ к бесконечным возможностям.
Надежда — увядший цветок в пустыне.,"Надежда — цветок, расцветающий в пустыне."
"Время — вор, крадущий последние мгновения.","Время — мастер, создающий великие моменты."
"Любовь — шторм, оставляющий после себя руины.","Любовь — шторм, сметающий все преграды."
Мечты — пепел после пожара.,"Мечты — звезды, освещающие путь."
"Уверенность — стекло, разбитое молотом сомнений.","Уверенность — кристалл, отражающий силу духа."
Память — червоточина в старом дереве.,Память — сокровищница ценных мгновений.
Счастье — мираж в раскалённой пустыне.,Счастье — оазис в бескрайнем мире.
"Дружба — паутина, рвущаяся от первого ветра.",Дружба — крепкий мост через бурные воды.
Совесть — ржавые цепи на ногах.,Совесть — путеводная звезда сердца.
"Гнев — вулкан, извергающий ядовитую лаву.","Гнев — огонь, закаляющий характер."
"Доверие — разбитое зеркало, собираемое осколками.","Доверие — зеркало, отражающее искренность."
"Страх — болото, затягивающее в темноту.","Страх — испытание, ведущие к победе."
"Радость — свеча на ветру, гаснущая в ночи.","Радость — пламя, согревающее души."
Судьба — лабиринт без выхода.,"Судьба — дорога, полная открытий."
"Успех — ледяная гора, скользящая под ногами.","Успех — вершина, на которую можно взойти."
"Мечта — пустынный оазис, оказавшийся миражем.","Мечта — оазис, наполняющий жизнь смыслом."
"Правда — нож, режущий по живому.","Правда — свет, освещающий путь."
"Ложь — падаль, привлекающая стервятников.","Ложь — маска, легко сбрасываемая правдой."
Одиночество — колодец без дна.,"Одиночество — тишина, наполняющая мудростью."
"Семья — дом, построенный на песке.","Семья — крепость, дающая защиту."
Молчание — тухлая вода в закрытом колодце.,Молчание — чистая вода мудрости.
"Слёзы — дождь, разъедающий камни.","Слёзы — дождь, очищающий душу."
"Страсть — огонь, сжигающий дотла.","Страсть — пламя, зажигающее сердца."
"Детство — разбитая игрушка, забытая в пыли.","Детство — сказка, написанная солнцем."
"Смерть — тень, настигающая даже в полдень.",Смерть — врата в вечность.
"Месть — ядовитый корень, прорастающий в сердце.",Месть — путь к пониманию и прощению.
Свобода — птица с подрезанными крыльями.,"Свобода — птица, парящая в небе."
"Вера — корабль, севший на мель.","Вера — корабль, несущий к мечте."
"Разум — паутина, опутанная заблуждениями.","Разум — солнце, озаряющее сознание."
"Творчество — свеча, задутая цинизмом.","Творчество — факел, освещающий тьму."
"Страдания — гвозди, вбитые в плоть.",Страдания — кузница сильного духа.
"Будущее — туман, скрывающий обрыв.",Будущее — рассвет новых надежд.
Прошлое — яма с ядовитыми змеями.,"Прошлое — корни, питающие настоящее."
"Красота — маска, скрывающая гниль.","Красота — свет, сияющий изнутри."
"Доброта — роса, испаряющаяся под зноем.","Доброта — капля воды, оживляющая пустыню."
"Зависть — червь, точащий душу.",Зависть — урок о ценности своего пути.
Сомнение — тухлое яблоко в корзине.,"Сомнение — искра, ведущая к истине."
"Совесть — гроб, наполненный костями.","Совесть — голос, ведущий к добру."
Наука — карта с ложными координатами.,"Наука — карта, открывающая горизонты."
Власть — змеиное гнездо.,Власть — возможность менять мир.
Богатство — золотые кандалы.,Богатство — инструмент для созидания.
"Бедность — рваный плащ, не спасающий от стужи.",Бедность — возможность раскрыть истинные ценности.
"Война — жернова, перемалывающие жизни.","Война — вызов, ведущий к миру."
Мир — хрупкая ваза на краю стола.,Мир — надежный фундамент будущего.
"Юность — искра, гаснущая в пепле.","Юность — огонь, зажигающий мечты."
Старость — засохшее дерево без листьев.,"Старость — дерево, приносящее плоды мудрости."
"Гордость — скала, разбивающая корабли.","Гордость — вершина, с которой видно далеко."
Смирение — пыль под сапогами.,Смирение — мягкая сила духа.
"Истина — шипы, ранящие руки.","Истина — звезда, указывающая путь."
"Страсть — ураган, вырывающий корни.","Страсть — ветер, наполняющий паруса."
"Жизнь — ржавый замок, который уже не откроется.",Жизнь — ключ к бесконечным возможностям.
Надежда — увядший цветок в пустыне.,"Надежда — цветок, расцветающий в пустыне."
"Время — вор, крадущий последние мгновения.","Время — мастер, создающий великие моменты."
"Любовь — шторм, оставляющий после себя руины.","Любовь — шторм, сметающий все преграды."
Мечты — пепел после пожара.,"Мечты — звезды, освещающие путь."
"Уверенность — стекло, разбитое молотом сомнений.","Уверенность — кристалл, отражающий силу духа."
Память — червоточина в старом дереве.,Память — сокровищница ценных мгновений.
Счастье — мираж в раскалённой пустыне.,Счастье — оазис в бескрайнем мире.
"Дружба — паутина, рвущаяся от первого ветра.",Дружба — крепкий мост через бурные воды.
Совесть — ржавые цепи на ногах.,Совесть — путеводная звезда сердца.
"Гнев — вулкан, извергающий ядовитую лаву.","Гнев — огонь, закаляющий характер."
"Доверие — разбитое зеркало, собираемое осколками.","Доверие — зеркало, отражающее искренность."
"Страх — болото, затягивающее в темноту.","Страх — испытание, ведущие к победе."
"Радость — свеча на ветру, гаснущая в ночи.","Радость — пламя, согревающее души."
Судьба — лабиринт без выхода.,"Судьба — дорога, полная открытий."
"Успех — ледяная гора, скользящая под ногами.","Успех — вершина, на которую можно взойти."
"Мечта — пустынный оазис, оказавшийся миражем.","Мечта — оазис, наполняющий жизнь смыслом."
"Правда — нож, режущий по живому.","Правда — свет, освещающий путь."
"Ложь — падаль, привлекающая стервятников.","Ложь — маска, легко сбрасываемая правдой."
Одиночество — колодец без дна.,"Одиночество — тишина, наполняющая мудростью."
"Семья — дом, построенный на песке.","Семья — крепость, дающая защиту."
Молчание — тухлая вода в закрытом колодце.,Молчание — чистая вода мудрости.
"Слёзы — дождь, разъедающий камни.","Слёзы — дождь, очищающий душу."
"Страсть — огонь, сжигающий дотла.","Страсть — пламя, зажигающее сердца."
"Детство — разбитая игрушка, забытая в пыли.","Детство — сказка, написанная солнцем."
"Смерть — тень, настигающая даже в полдень.",Смерть — врата в вечность.
"Месть — ядовитый корень, прорастающий в сердце.",Месть — путь к пониманию и прощению.
Свобода — птица с подрезанными крыльями.,"Свобода — птица, парящая в небе."
"Вера — корабль, севший на мель.","Вера — корабль, несущий к мечте."
"Разум — паутина, опутанная заблуждениями.","Разум — солнце, озаряющее сознание."
"Творчество — свеча, задутая цинизмом.","Творчество — факел, освещающий тьму."
"Страдания — гвозди, вбитые в плоть.",Страдания — кузница сильного духа.
"Будущее — туман, скрывающий обрыв.",Будущее — рассвет новых надежд.
Прошлое — яма с ядовитыми змеями.,"Прошлое — корни, питающие настоящее."
"Красота — маска, скрывающая гниль.","Красота — свет, сияющий изнутри."
"Доброта — роса, испаряющаяся под зноем.","Доброта — капля воды, оживляющая пустыню."
"Зависть — червь, точащий душу.",Зависть — урок о ценности своего пути.
Сомнение — тухлое яблоко в корзине.,"Сомнение — искра, ведущая к истине."
"Совесть — гроб, наполненный костями.","Совесть — голос, ведущий к добру."
Наука — карта с ложными координатами.,"Наука — карта, открывающая горизонты."
Власть — змеиное гнездо.,Власть — возможность менять мир.
Богатство — золотые кандалы.,Богатство — инструмент для созидания.
"Бедность — рваный плащ, не спасающий от стужи.",Бедность — возможность раскрыть истинные ценности.
"Война — жернова, перемалывающие жизни.","Война — вызов, ведущий к миру."
Мир — хрупкая ваза на краю стола.,Мир — надежный фундамент будущего.
"Юность — искра, гаснущая в пепле.","Юность — огонь, зажигающий мечты."
Старость — засохшее дерево без листьев.,"Старость — дерево, приносящее плоды мудрости."
"Гордость — скала, разбивающая корабли.","Гордость — вершина, с которой видно далеко."
Смирение — пыль под сапогами.,Смирение — мягкая сила духа.
"Истина — шипы, ранящие руки.","Истина — звезда, указывающая путь."
"Страсть — ураган, вырывающий корни.","Страсть — ветер, наполняющий паруса."
"Жизнь — ржавый замок, который уже не откроется.",Жизнь — ключ к бесконечным возможностям.
Надежда — увядший цветок в пустыне.,"Надежда — цветок, расцветающий в пустыне."
"Время — вор, крадущий последние мгновения.","Время — мастер, создающий великие моменты."
"Любовь — шторм, оставляющий после себя руины.","Любовь — шторм, сметающий все преграды."
Мечты — пепел после пожара.,"Мечты — звезды, освещающие путь."
"Уверенность — стекло, разбитое молотом сомнений.","Уверенность — кристалл, отражающий силу духа."
Память — червоточина в старом дереве.,Память — сокровищница ценных мгновений.
Счастье — мираж в раскалённой пустыне.,Счастье — оазис в бескрайнем мире.
"Дружба — паутина, рвущаяся от первого ветра.",Дружба — крепкий мост через бурные воды.
Совесть — ржавые цепи на ногах.,Совесть — путеводная звезда сердца.
"Гнев — вулкан, извергающий ядовитую лаву.","Гнев — огонь, закаляющий характер."
"Доверие — разбитое зеркало, собираемое осколками.","Доверие — зеркало, отражающее искренность."
"Страх — болото, затягивающее в темноту.","Страх — испытание, ведущие к победе."
"Радость — свеча на ветру, гаснущая в ночи.","Радость — пламя, согревающее души."
Судьба — лабиринт без выхода.,"Судьба — дорога, полная открытий."
"Успех — ледяная гора, скользящая под ногами.","Успех — вершина, на которую можно взойти."
"Мечта — пустынный оазис, оказавшийся миражем.","Мечта — оазис, наполняющий жизнь смыслом."
"Правда — нож, режущий по живому.","Правда — свет, освещающий путь."
"Ложь — падаль, привлекающая стервятников.","Ложь — маска, легко сбрасываемая правдой."
Одиночество — колодец без дна.,"Одиночество — тишина, наполняющая мудростью."
"Семья — дом, построенный на песке.","Семья — крепость, дающая защиту."
Молчание — тухлая вода в закрытом колодце.,Молчание — чистая вода мудрости.
"Слёзы — дождь, разъедающий камни.","Слёзы — дождь, очищающий душу."
"Страсть — огонь, сжигающий дотла.","Страсть — пламя, зажигающее сердца."
"Детство — разбитая игрушка, забытая в пыли.","Детство — сказка, написанная солнцем."
"Смерть — тень, настигающая даже в полдень.",Смерть — врата в вечность.
"Месть — ядовитый корень, прорастающий в сердце.",Месть — путь к пониманию и прощению.
Свобода — птица с подрезанными крыльями.,"Свобода — птица, парящая в небе."
"Вера — корабль, севший на мель.","Вера — корабль, несущий к мечте."
"Разум — паутина, опутанная заблуждениями.","Разум — солнце, озаряющее сознание."
"Творчество — свеча, задутая цинизмом.","Творчество — факел, освещающий тьму."
"Страдания — гвозди, вбитые в плоть.",Страдания — кузница сильного духа.
"Будущее — туман, скрывающий обрыв.",Будущее — рассвет новых надежд.
Прошлое — яма с ядовитыми змеями.,"Прошлое — корни, питающие настоящее."
"Красота — маска, скрывающая гниль.","Красота — свет, сияющий изнутри."
"Доброта — роса, испаряющаяся под зноем.","Доброта — капля воды, оживляющая пустыню."
"Зависть — червь, точащий душу.",Зависть — урок о ценности своего пути.
Сомнение — тухлое яблоко в корзине.,"Сомнение — искра, ведущая к истине."
"Совесть — гроб, наполненный костями.","Совесть — голос, ведущий к добру."
Наука — карта с ложными координатами.,"Наука — карта, открывающая горизонты."
Власть — змеиное гнездо.,Власть — возможность менять мир.
Богатство — золотые кандалы.,Богатство — инструмент для созидания.
"Бедность — рваный плащ, не спасающий от стужи.",Бедность — возможность раскрыть истинные ценности.
"Война — жернова, перемалывающие жизни.","Война — вызов, ведущий к миру."
Мир — хрупкая ваза на краю стола.,Мир — надежный фундамент будущего.
"Юность — искра, гаснущая в пепле.","Юность — огонь, зажигающий мечты."
Старость — засохшее дерево без листьев.,"Старость — дерево, приносящее плоды мудрости."
"Гордость — скала, разбивающая корабли.","Гордость — вершина, с которой видно далеко."
Смирение — пыль под сапогами.,Смирение — мягкая сила духа.
"Истина — шипы, ранящие руки.","Истина — звезда, указывающая путь."
"Страсть — ураган, вырывающий корни.","Страсть — ветер, наполняющий паруса."
"Жизнь — ржавый замок, который уже не откроется.",Жизнь — ключ к бесконечным возможностям.
Надежда — увядший цветок в пустыне.,"Надежда — цветок, расцветающий в пустыне."
"Время — вор, крадущий последние мгновения.","Время — мастер, создающий великие моменты."
"Любовь — шторм, оставляющий после себя руины.","Любовь — шторм, сметающий все преграды."
Мечты — пепел после пожара.,"Мечты — звезды, освещающие путь."
"Уверенность — стекло, разбитое молотом сомнений.","Уверенность — кристалл, отражающий силу духа."
Память — червоточина в старом дереве.,Память — сокровищница ценных мгновений.
Счастье — мираж в раскалённой пустыне.,Счастье — оазис в бескрайнем мире.
"Дружба — паутина, рвущаяся от первого ветра.",Дружба — крепкий мост через бурные воды.
Совесть — ржавые цепи на ногах.,Совесть — путеводная звезда сердца.
"Гнев — вулкан, извергающий ядовитую лаву.","Гнев — огонь, закаляющий характер."
"Доверие — разбитое зеркало, собираемое осколками.","Доверие — зеркало, отражающее искренность."
"Страх — болото, затягивающее в темноту.","Страх — испытание, ведущие к победе."
"Радость — свеча на ветру, гаснущая в ночи.","Радость — пламя, согревающее души."
Судьба — лабиринт без выхода.,"Судьба — дорога, полная открытий."
"Успех — ледяная гора, скользящая под ногами.","Успех — вершина, на которую можно взойти."
"Мечта — пустынный оазис, оказавшийся миражем.","Мечта — оазис, наполняющий жизнь смыслом."
"Правда — нож, режущий по живому.","Правда — свет, освещающий путь."
"Ложь — падаль, привлекающая стервятников.","Ложь — маска, легко сбрасываемая правдой."
Одиночество — колодец без дна.,"Одиночество — тишина, наполняющая мудростью."
"Семья — дом, построенный на песке.","Семья — крепость, дающая защиту."
Молчание — тухлая вода в закрытом колодце.,Молчание — чистая вода мудрости.
"Слёзы — дождь, разъедающий камни.","Слёзы — дождь, очищающий душу."
"Страсть — огонь, сжигающий дотла.","Страсть — пламя, зажигающее сердца."
"Детство — разбитая игрушка, забытая в пыли.","Детство — сказка, написанная солнцем."
"Смерть — тень, настигающая даже в полдень.",Смерть — врата в вечность.
"Месть — ядовитый корень, прорастающий в сердце.",Месть — путь к пониманию и прощению.
Свобода — птица с подрезанными крыльями.,"Свобода — птица, парящая в небе."
"Вера — корабль, севший на мель.","Вера — корабль, несущий к мечте."
"Разум — паутина, опутанная заблуждениями.","Разум — солнце, озаряющее сознание."
"Творчество — свеча, задутая цинизмом.","Творчество — факел, освещающий тьму."
"Страдания — гвозди, вбитые в плоть.",Страдания — кузница сильного духа.
"Будущее — туман, скрывающий обрыв.",Будущее — рассвет новых надежд.
Прошлое — яма с ядовитыми змеями.,"Прошлое — корни, питающие настоящее."
"Красота — маска, скрывающая гниль.","Красота — свет, сияющий изнутри."
"Доброта — роса, испаряющаяся под зноем.","Доброта — капля воды, оживляющая пустыню."
"Зависть — червь, точащий душу.",Зависть — урок о ценности своего пути.
Сомнение — тухлое яблоко в корзине.,"Сомнение — искра, ведущая к истине."
"Совесть — гроб, наполненный костями.","Совесть — голос, ведущий к добру."
Наука — карта с ложными координатами.,"Наука — карта, открывающая горизонты."
Власть — змеиное гнездо.,Власть — возможность менять мир.
Богатство — золотые кандалы.,Богатство — инструмент для созидания.
"Бедность — рваный плащ, не спасающий от стужи.",Бедность — возможность раскрыть истинные ценности.
"Война — жернова, перемалывающие жизни.","Война — вызов, ведущий к миру."
Мир — хрупкая ваза на краю стола.,Мир — надежный фундамент будущего.
"Юность — искра, гаснущая в пепле.","Юность — огонь, зажигающий мечты."
Старость — засохшее дерево без листьев.,"Старость — дерево, приносящее плоды мудрости."
"Гордость — скала, разбивающая корабли.","Гордость — вершина, с которой видно далеко."
Смирение — пыль под сапогами.,Смирение — мягкая сила духа.
"Истина — шипы, ранящие руки.","Истина — звезда, указывающая путь."
"Страсть — ураган, вырывающий корни.","Страсть — ветер, наполняющий паруса."
"Жизнь — ржавый замок, который уже не откроется.",Жизнь — ключ к бесконечным возможностям.
Надежда — увядший цветок в пустыне.,"Надежда — цветок, расцветающий в пустыне."
"Время — вор, крадущий последние мгновения.","Время — мастер, создающий великие моменты."
"Любовь — шторм, оставляющий после себя руины.","Любовь — шторм, сметающий все преграды."
Мечты — пепел после пожара.,"Мечты — звезды, освещающие путь."
"Уверенность — стекло, разбитое молотом сомнений.","Уверенность — кристалл, отражающий силу духа."
Память — червоточина в старом дереве.,Память — сокровищница ценных мгновений.
Счастье — мираж в раскалённой пустыне.,Счастье — оазис в бескрайнем мире.
"Дружба — паутина, рвущаяся от первого ветра.",Дружба — крепкий мост через бурные воды.
Совесть — ржавые цепи на ногах.,Совесть — путеводная звезда сердца.
"Гнев — вулкан, извергающий ядовитую лаву.","Гнев — огонь, закаляющий характер."
"Доверие — разбитое зеркало, собираемое осколками.","Доверие — зеркало, отражающее искренность."
"Страх — болото, затягивающее в темноту.","Страх — испытание, ведущие к победе."
"Радость — свеча на ветру, гаснущая в ночи.","Радость — пламя, согревающее души."
Судьба — лабиринт без выхода.,"Судьба — дорога, полная открытий."
"Успех — ледяная гора, скользящая под ногами.","Успех — вершина, на которую можно взойти."
"Мечта — пустынный оазис, оказавшийся миражем.","Мечта — оазис, наполняющий жизнь смыслом."
"Правда — нож, режущий по живому.","Правда — свет, освещающий путь."
"Ложь — падаль, привлекающая стервятников.","Ложь — маска, легко сбрасываемая правдой."
Одиночество — колодец без дна.,"Одиночество — тишина, наполняющая мудростью."
"Семья — дом, построенный на песке.","Семья — крепость, дающая защиту."
Молчание — тухлая вода в закрытом колодце.,Молчание — чистая вода мудрости.
"Слёзы — дождь, разъедающий камни.","Слёзы — дождь, очищающий душу."
"Страсть — огонь, сжигающий дотла.","Страсть — пламя, зажигающее сердца."
"Детство — разбитая игрушка, забытая в пыли.","Детство — сказка, написанная солнцем."
"Смерть — тень, настигающая даже в полдень.",Смерть — врата в вечность.
"Месть — ядовитый корень, прорастающий в сердце.",Месть — путь к пониманию и прощению.
Свобода — птица с подрезанными крыльями.,"Свобода — птица, парящая в небе."
"Вера — корабль, севший на мель.","Вера — корабль, несущий к мечте."
"Разум — паутина, опутанная заблуждениями.","Разум — солнце, озаряющее сознание."
"Творчество — свеча, задутая цинизмом.","Творчество — факел, освещающий тьму."
"Страдания — гвозди, вбитые в плоть.",Страдания — кузница сильного духа.
"Будущее — туман, скрывающий обрыв.",Будущее — рассвет новых надежд.
Прошлое — яма с ядовитыми змеями.,"Прошлое — корни, питающие настоящее."
"Красота — маска, скрывающая гниль.","Красота — свет, сияющий изнутри."
"Доброта — роса, испаряющаяся под зноем.","Доброта — капля воды, оживляющая пустыню."
"Зависть — червь, точащий душу.",Зависть — урок о ценности своего пути.
Сомнение — тухлое яблоко в корзине.,"Сомнение — искра, ведущая к истине."
"Совесть — гроб, наполненный костями.","Совесть — голос, ведущий к добру."
Наука — карта с ложными координатами.,"Наука — карта, открывающая горизонты."
Власть — змеиное гнездо.,Власть — возможность менять мир.
Богатство — золотые кандалы.,Богатство — инструмент для созидания.
"Бедность — рваный плащ, не спасающий от стужи.",Бедность — возможность раскрыть истинные ценности.
"Война — жернова, перемалывающие жизни.","Война — вызов, ведущий к миру."
Мир — хрупкая ваза на краю стола.,Мир — надежный фундамент будущего.
"Юность — искра, гаснущая в пепле.","Юность — огонь, зажигающий мечты."
Старость — засохшее дерево без листьев.,"Старость — дерево, приносящее плоды мудрости."
"Гордость — скала, разбивающая корабли.","Гордость — вершина, с которой видно далеко."
Смирение — пыль под сапогами.,Смирение — мягкая сила духа.
"Истина — шипы, ранящие руки.","Истина — звезда, указывающая путь."
"Страсть — ураган, вырывающий корни.","Страсть — ветер, наполняющий паруса."
